{"entities":{"pages":{"SistemasOperacionais":{"id":"SistemasOperacionais","title":"Sistemas Operacionais","url":"sistemasoperacionais.html","level":0,"tabIndex":0},"qbdmf6_3":{"id":"qbdmf6_3","title":"Overview","level":0,"pages":["qbdmf6_6","Capitulo-2","Questoes","Pratica","Respostas"],"tabIndex":1},"qbdmf6_6":{"id":"qbdmf6_6","title":"Domus 1","level":1,"parentId":"qbdmf6_3","pages":["1-1","002-Operacaodocomputador","003-EstruturadeArmazenamento","004-EstruturadeIO","005-ArquiteturadoSistema","1-6-Estrutura-do-sistema-operacional","1-7-Operacoes-do-Computador","1-6-Gerencia-de-processos","1-9-Gerencia-de-memoria","1-10-Gerencia-de-armazenamento","1-11-Protecao-e-seguranca","1-12-Sistemas-de-uso-especifico","Ambientes-de-Computacao","1-14","Exercicios-Praticos-Resolvidos1"],"tabIndex":0},"1-1":{"id":"1-1","title":"1.1 O que os Sistemas Operacionais fazem","url":"1-1.html","level":2,"parentId":"qbdmf6_6","pages":["Hardware","Software","1-2"],"tabIndex":0},"Hardware":{"id":"Hardware","title":"1.1.1 Hardware","url":"hardware.html","level":3,"parentId":"1-1","tabIndex":0},"Software":{"id":"Software","title":"1.1.2 Software","url":"software.html","level":3,"parentId":"1-1","tabIndex":1},"1-2":{"id":"1-2","title":"1.1.3 Visões do Sistema","url":"1-2.html","level":3,"parentId":"1-1","tabIndex":2},"002-Operacaodocomputador":{"id":"002-Operacaodocomputador","title":"1.2 Operação do Computador","url":"002-operacaodocomputador.html","level":2,"parentId":"qbdmf6_6","tabIndex":1},"003-EstruturadeArmazenamento":{"id":"003-EstruturadeArmazenamento","title":"1.3 Estrutura de Armazenamento","url":"003-estruturadearmazenamento.html","level":2,"parentId":"qbdmf6_6","tabIndex":2},"004-EstruturadeIO":{"id":"004-EstruturadeIO","title":"1.4 Estrutura de Entrada e Saída","url":"004-estruturadeio.html","level":2,"parentId":"qbdmf6_6","tabIndex":3},"005-ArquiteturadoSistema":{"id":"005-ArquiteturadoSistema","title":"1.5 Arquitetura do Sistema","url":"005-arquiteturadosistema.html","level":2,"parentId":"qbdmf6_6","tabIndex":4},"1-6-Estrutura-do-sistema-operacional":{"id":"1-6-Estrutura-do-sistema-operacional","title":"1.6 Estrutura do sistema operacional","url":"1-6-estrutura-do-sistema-operacional.html","level":2,"parentId":"qbdmf6_6","tabIndex":5},"1-7-Operacoes-do-Computador":{"id":"1-7-Operacoes-do-Computador","title":"1.7 Operações do Sistema Operacional","url":"1-7-operacoes-do-computador.html","level":2,"parentId":"qbdmf6_6","tabIndex":6},"1-6-Gerencia-de-processos":{"id":"1-6-Gerencia-de-processos","title":"1.8 Gerência de processos","url":"1-6-gerencia-de-processos.html","level":2,"parentId":"qbdmf6_6","tabIndex":7},"1-9-Gerencia-de-memoria":{"id":"1-9-Gerencia-de-memoria","title":"1.9 Gerência de memória","url":"1-9-gerencia-de-memoria.html","level":2,"parentId":"qbdmf6_6","tabIndex":8},"1-10-Gerencia-de-armazenamento":{"id":"1-10-Gerencia-de-armazenamento","title":"1.10 Gerência de armazenamento","url":"1-10-gerencia-de-armazenamento.html","level":2,"parentId":"qbdmf6_6","tabIndex":9},"1-11-Protecao-e-seguranca":{"id":"1-11-Protecao-e-seguranca","title":"1.11 Proteção e Segurança","url":"1-11-protecao-e-seguranca.html","level":2,"parentId":"qbdmf6_6","tabIndex":10},"1-12-Sistemas-de-uso-especifico":{"id":"1-12-Sistemas-de-uso-especifico","title":"1.12 Sistemas de uso específico","url":"1-12-sistemas-de-uso-especifico.html","level":2,"parentId":"qbdmf6_6","tabIndex":11},"Ambientes-de-Computacao":{"id":"Ambientes-de-Computacao","title":"1.13 Ambientes de Computação","url":"ambientes-de-computacao.html","level":2,"parentId":"qbdmf6_6","tabIndex":12},"1-14":{"id":"1-14","title":"1.14 Sistemas Operacionais de Código Aberto","url":"1-14.html","level":2,"parentId":"qbdmf6_6","tabIndex":13},"Exercicios-Praticos-Resolvidos1":{"id":"Exercicios-Praticos-Resolvidos1","title":"Exercícios Práticos Resolvidos - 1","url":"exercicios-praticos-resolvidos1.html","level":2,"parentId":"qbdmf6_6","tabIndex":14},"Capitulo-2":{"id":"Capitulo-2","title":"Domus 2","url":"capitulo-2.html","level":1,"parentId":"qbdmf6_3","pages":["2-2-Interface-usuario-sistema-operacional","2-3-Chamadas-de-sistema","2-4-Tipos-de-chamadas-de-sistema","2-5-Programas-do-sistema","2-6-Projeto-e-implementacao-do-sistema-operacional","2-8-Maquinas-virtuais","2-7-Geração-do-sistema-operacional","2-9-Boot-do-sistema","Exercicios-Praticos-Resolvidos2"],"tabIndex":1},"2-2-Interface-usuario-sistema-operacional":{"id":"2-2-Interface-usuario-sistema-operacional","title":"2.2 Interface usuário-sistema operacional","url":"2-2-interface-usuario-sistema-operacional.html","level":2,"parentId":"Capitulo-2","tabIndex":0},"2-3-Chamadas-de-sistema":{"id":"2-3-Chamadas-de-sistema","title":"2.3 Chamadas de sistema","url":"2-3-chamadas-de-sistema.html","level":2,"parentId":"Capitulo-2","tabIndex":1},"2-4-Tipos-de-chamadas-de-sistema":{"id":"2-4-Tipos-de-chamadas-de-sistema","title":"2.4 Tipos de chamadas de sistema","url":"2-4-tipos-de-chamadas-de-sistema.html","level":2,"parentId":"Capitulo-2","tabIndex":2},"2-5-Programas-do-sistema":{"id":"2-5-Programas-do-sistema","title":"2.5 Programas do sistema","url":"2-5-programas-do-sistema.html","level":2,"parentId":"Capitulo-2","tabIndex":3},"2-6-Projeto-e-implementacao-do-sistema-operacional":{"id":"2-6-Projeto-e-implementacao-do-sistema-operacional","title":"2.6 Projeto e implementação do sistema operacional","url":"2-6-projeto-e-implementacao-do-sistema-operacional.html","level":2,"parentId":"Capitulo-2","tabIndex":4},"2-8-Maquinas-virtuais":{"id":"2-8-Maquinas-virtuais","title":"2.7 Máquinas virtuais","url":"2-8-maquinas-virtuais.html","level":2,"parentId":"Capitulo-2","tabIndex":5},"2-7-Geração-do-sistema-operacional":{"id":"2-7-Geração-do-sistema-operacional","title":"2.8 Geração do sistema operacional","url":"2-7-geração-do-sistema-operacional.html","level":2,"parentId":"Capitulo-2","tabIndex":6},"2-9-Boot-do-sistema":{"id":"2-9-Boot-do-sistema","title":"2.9 Boot do sistema","url":"2-9-boot-do-sistema.html","level":2,"parentId":"Capitulo-2","tabIndex":7},"Exercicios-Praticos-Resolvidos2":{"id":"Exercicios-Praticos-Resolvidos2","title":"Exercícios Práticos Resolvidos - 2","url":"exercicios-praticos-resolvidos2.html","level":2,"parentId":"Capitulo-2","tabIndex":8},"Questoes":{"id":"Questoes","title":"Questões 1","url":"questoes.html","level":1,"parentId":"qbdmf6_3","tabIndex":2},"Pratica":{"id":"Pratica","title":"Prática 1","url":"pratica.html","level":1,"parentId":"qbdmf6_3","tabIndex":3},"Respostas":{"id":"Respostas","title":"Respostas - Questões 1","url":"respostas.html","level":1,"parentId":"qbdmf6_3","tabIndex":4},"qbdmf6_4":{"id":"qbdmf6_4","title":"Workers and Scheduler","level":0,"pages":["qbdmf6_38","qbdmf6_39"],"tabIndex":2},"qbdmf6_38":{"id":"qbdmf6_38","title":"Domus 4","level":1,"parentId":"qbdmf6_4","pages":["a","Exercicios-Praticos-4"],"tabIndex":0},"a":{"id":"a","title":"Threads","url":"a.html","level":2,"parentId":"qbdmf6_38","pages":["Usos","4-2-Beneficios","4-3-Programação-multicore","4-4-Modelos-de-multiplas-threads-multithreading","4-5-Bibliotecas-de-threads","4-6-Threads-em-Java","4-7-Aspectos-do-Uso-de-Threads","4-8-Exemplos-em-Sistemas-Operacionais"],"tabIndex":0},"Usos":{"id":"Usos","title":"4.1. Usos","url":"usos.html","level":3,"parentId":"a","tabIndex":0},"4-2-Beneficios":{"id":"4-2-Beneficios","title":"4.2 Benefícios da Programação Multithread","url":"4-2-beneficios.html","level":3,"parentId":"a","tabIndex":1},"4-3-Programação-multicore":{"id":"4-3-Programação-multicore","title":"4.3 Programação multicore","url":"4-3-programação-multicore.html","level":3,"parentId":"a","tabIndex":2},"4-4-Modelos-de-multiplas-threads-multithreading":{"id":"4-4-Modelos-de-multiplas-threads-multithreading","title":"4.4 Modelos de múltiplas threads (multithreading)","url":"4-4-modelos-de-multiplas-threads-multithreading.html","level":3,"parentId":"a","tabIndex":3},"4-5-Bibliotecas-de-threads":{"id":"4-5-Bibliotecas-de-threads","title":"4.5 Bibliotecas de threads","url":"4-5-bibliotecas-de-threads.html","level":3,"parentId":"a","tabIndex":4},"4-6-Threads-em-Java":{"id":"4-6-Threads-em-Java","title":"4.6 Threads em Java","url":"4-6-threads-em-java.html","level":3,"parentId":"a","tabIndex":5},"4-7-Aspectos-do-Uso-de-Threads":{"id":"4-7-Aspectos-do-Uso-de-Threads","title":"4.7 Aspectos do Uso de Threads","url":"4-7-aspectos-do-uso-de-threads.html","level":3,"parentId":"a","tabIndex":6},"4-8-Exemplos-em-Sistemas-Operacionais":{"id":"4-8-Exemplos-em-Sistemas-Operacionais","title":"4.8 Exemplos em Sistemas Operacionais","url":"4-8-exemplos-em-sistemas-operacionais.html","level":3,"parentId":"a","tabIndex":7},"Exercicios-Praticos-4":{"id":"Exercicios-Praticos-4","title":"Exercícios Pŕaticos - 4","url":"exercicios-praticos-4.html","level":2,"parentId":"qbdmf6_38","tabIndex":1},"qbdmf6_39":{"id":"qbdmf6_39","title":"Domus 5","level":1,"parentId":"qbdmf6_4","pages":["Domus-5","Exercicios-Praticos"],"tabIndex":1},"Domus-5":{"id":"Domus-5","title":"Escalonamento de CPU","url":"domus-5.html","level":2,"parentId":"qbdmf6_39","pages":["5-1-Conceitos-basicos","5-2-Crterios","5-3-Algortimos-de-Escalonamento","5-4-Escalonamento-de-Thread","5-5-Escalonamento-em-multiprocessadores","5-6-Exemplos-de-Sistema-Operacional","5-7-Avaliacao-do-Algoritmo"],"tabIndex":0},"5-1-Conceitos-basicos":{"id":"5-1-Conceitos-basicos","title":"5.1 Conceitos básicos","url":"5-1-conceitos-basicos.html","level":3,"parentId":"Domus-5","tabIndex":0},"5-2-Crterios":{"id":"5-2-Crterios","title":"5.2 Critérios de Escalonamento","url":"5-2-crterios.html","level":3,"parentId":"Domus-5","tabIndex":1},"5-3-Algortimos-de-Escalonamento":{"id":"5-3-Algortimos-de-Escalonamento","title":"5.3 Algoritmos de Escalonamento","url":"5-3-algortimos-de-escalonamento.html","level":3,"parentId":"Domus-5","tabIndex":2},"5-4-Escalonamento-de-Thread":{"id":"5-4-Escalonamento-de-Thread","title":"5.4 Escalonamento de Threads","url":"5-4-escalonamento-de-thread.html","level":3,"parentId":"Domus-5","tabIndex":3},"5-5-Escalonamento-em-multiprocessadores":{"id":"5-5-Escalonamento-em-multiprocessadores","title":"5.5 Escalonamento em Múltiplos Processadores","url":"5-5-escalonamento-em-multiprocessadores.html","level":3,"parentId":"Domus-5","tabIndex":4},"5-6-Exemplos-de-Sistema-Operacional":{"id":"5-6-Exemplos-de-Sistema-Operacional","title":"5.6 Exemplos de Sistema Operacional","url":"5-6-exemplos-de-sistema-operacional.html","level":3,"parentId":"Domus-5","tabIndex":5},"5-7-Avaliacao-do-Algoritmo":{"id":"5-7-Avaliacao-do-Algoritmo","title":"5.8 Avaliação de Algoritmos de Escalonamento","url":"5-7-avaliacao-do-algoritmo.html","level":3,"parentId":"Domus-5","tabIndex":6},"Exercicios-Praticos":{"id":"Exercicios-Praticos","title":"Exercicios Práticos","url":"exercicios-praticos.html","level":2,"parentId":"qbdmf6_39","tabIndex":1},"Bibliografia":{"id":"Bibliografia","title":"Bibliografia","url":"bibliografia.html","level":0,"tabIndex":3}}},"topLevelIds":["SistemasOperacionais","qbdmf6_3","qbdmf6_4","Bibliografia"]}