{"entities":{"pages":{"SistemasOperacionais":{"id":"SistemasOperacionais","title":"Sistemas Operacionais","url":"sistemasoperacionais.html","level":0,"tabIndex":0},"-ct3zst_3":{"id":"-ct3zst_3","title":"1. Overview","level":0,"pages":["1-1","002-Operacaodocomputador","003-EstruturadeArmazenamento","004-EstruturadeIO","005-ArquiteturadoSistema","1-6-Estrutura-do-sistema-operacional","1-7-Operacoes-do-Computador","1-6-Gerencia-de-processos","1-9-Gerencia-de-memoria","1-10-Gerencia-de-armazenamento","1-11-Protecao-e-seguranca","1-12-Sistemas-de-uso-especifico","Ambientes-de-Computacao","1-14","Exercicios-Praticos-Resolvidos1"],"tabIndex":1},"1-1":{"id":"1-1","title":"1.1 O que os Sistemas Operacionais fazem","url":"1-1.html","level":1,"parentId":"-ct3zst_3","pages":["Hardware","Software","1-2"],"tabIndex":0},"Hardware":{"id":"Hardware","title":"1.1.1 Hardware","url":"hardware.html","level":2,"parentId":"1-1","tabIndex":0},"Software":{"id":"Software","title":"1.1.2 Software","url":"software.html","level":2,"parentId":"1-1","tabIndex":1},"1-2":{"id":"1-2","title":"1.1.3 Visões do Sistema","url":"1-2.html","level":2,"parentId":"1-1","tabIndex":2},"002-Operacaodocomputador":{"id":"002-Operacaodocomputador","title":"1.2 Operação do Computador","url":"002-operacaodocomputador.html","level":1,"parentId":"-ct3zst_3","tabIndex":1},"003-EstruturadeArmazenamento":{"id":"003-EstruturadeArmazenamento","title":"1.3 Estrutura de Armazenamento","url":"003-estruturadearmazenamento.html","level":1,"parentId":"-ct3zst_3","tabIndex":2},"004-EstruturadeIO":{"id":"004-EstruturadeIO","title":"1.4 Estrutura de Entrada e Saída","url":"004-estruturadeio.html","level":1,"parentId":"-ct3zst_3","tabIndex":3},"005-ArquiteturadoSistema":{"id":"005-ArquiteturadoSistema","title":"1.5 Arquitetura do Sistema","url":"005-arquiteturadosistema.html","level":1,"parentId":"-ct3zst_3","tabIndex":4},"1-6-Estrutura-do-sistema-operacional":{"id":"1-6-Estrutura-do-sistema-operacional","title":"1.6 Estrutura do sistema operacional","url":"1-6-estrutura-do-sistema-operacional.html","level":1,"parentId":"-ct3zst_3","tabIndex":5},"1-7-Operacoes-do-Computador":{"id":"1-7-Operacoes-do-Computador","title":"1.7 Operações do Sistema Operacional","url":"1-7-operacoes-do-computador.html","level":1,"parentId":"-ct3zst_3","tabIndex":6},"1-6-Gerencia-de-processos":{"id":"1-6-Gerencia-de-processos","title":"1.8 Gerência de processos","url":"1-6-gerencia-de-processos.html","level":1,"parentId":"-ct3zst_3","tabIndex":7},"1-9-Gerencia-de-memoria":{"id":"1-9-Gerencia-de-memoria","title":"1.9 Gerência de memória","url":"1-9-gerencia-de-memoria.html","level":1,"parentId":"-ct3zst_3","tabIndex":8},"1-10-Gerencia-de-armazenamento":{"id":"1-10-Gerencia-de-armazenamento","title":"1.10 Gerência de armazenamento","url":"1-10-gerencia-de-armazenamento.html","level":1,"parentId":"-ct3zst_3","tabIndex":9},"1-11-Protecao-e-seguranca":{"id":"1-11-Protecao-e-seguranca","title":"1.11 Proteção e Segurança","url":"1-11-protecao-e-seguranca.html","level":1,"parentId":"-ct3zst_3","tabIndex":10},"1-12-Sistemas-de-uso-especifico":{"id":"1-12-Sistemas-de-uso-especifico","title":"1.12 Sistemas de uso específico","url":"1-12-sistemas-de-uso-especifico.html","level":1,"parentId":"-ct3zst_3","tabIndex":11},"Ambientes-de-Computacao":{"id":"Ambientes-de-Computacao","title":"1.13 Ambientes de Computação","url":"ambientes-de-computacao.html","level":1,"parentId":"-ct3zst_3","tabIndex":12},"1-14":{"id":"1-14","title":"1.14 Sistemas Operacionais de Código Aberto","url":"1-14.html","level":1,"parentId":"-ct3zst_3","tabIndex":13},"Exercicios-Praticos-Resolvidos1":{"id":"Exercicios-Praticos-Resolvidos1","title":"Exercícios Práticos Resolvidos - 1","url":"exercicios-praticos-resolvidos1.html","level":1,"parentId":"-ct3zst_3","tabIndex":14},"-ct3zst_4":{"id":"-ct3zst_4","title":"2. System Interface","level":0,"pages":["Capitulo-2","2-2-Interface-usuario-sistema-operacional","2-3-Chamadas-de-sistema","2-4-Tipos-de-chamadas-de-sistema","2-5-Programas-do-sistema","2-6-Projeto-e-implementacao-do-sistema-operacional","2-7-Geracao-do-sistema-operacional","2-8-Maquinas-virtuais","2-9-Boot-do-sistema","Exercicios-Praticos-Resolvidos2"],"tabIndex":2},"Capitulo-2":{"id":"Capitulo-2","title":"Domus 2","url":"capitulo-2.html","level":1,"parentId":"-ct3zst_4","tabIndex":0},"2-2-Interface-usuario-sistema-operacional":{"id":"2-2-Interface-usuario-sistema-operacional","title":"2.2 Interface usuário-sistema operacional","url":"2-2-interface-usuario-sistema-operacional.html","level":1,"parentId":"-ct3zst_4","tabIndex":1},"2-3-Chamadas-de-sistema":{"id":"2-3-Chamadas-de-sistema","title":"2.3 Chamadas de sistema","url":"2-3-chamadas-de-sistema.html","level":1,"parentId":"-ct3zst_4","tabIndex":2},"2-4-Tipos-de-chamadas-de-sistema":{"id":"2-4-Tipos-de-chamadas-de-sistema","title":"2.4 Tipos de chamadas de sistema","url":"2-4-tipos-de-chamadas-de-sistema.html","level":1,"parentId":"-ct3zst_4","tabIndex":3},"2-5-Programas-do-sistema":{"id":"2-5-Programas-do-sistema","title":"2.5 Programas do sistema","url":"2-5-programas-do-sistema.html","level":1,"parentId":"-ct3zst_4","tabIndex":4},"2-6-Projeto-e-implementacao-do-sistema-operacional":{"id":"2-6-Projeto-e-implementacao-do-sistema-operacional","title":"2.6 Projeto e implementação do sistema operacional","url":"2-6-projeto-e-implementacao-do-sistema-operacional.html","level":1,"parentId":"-ct3zst_4","tabIndex":5},"2-7-Geracao-do-sistema-operacional":{"id":"2-7-Geracao-do-sistema-operacional","title":"2.8 Geração do sistema operacional","url":"2-7-geracao-do-sistema-operacional.html","level":1,"parentId":"-ct3zst_4","tabIndex":6},"2-8-Maquinas-virtuais":{"id":"2-8-Maquinas-virtuais","title":"2.7 Máquinas virtuais","url":"2-8-maquinas-virtuais.html","level":1,"parentId":"-ct3zst_4","tabIndex":7},"2-9-Boot-do-sistema":{"id":"2-9-Boot-do-sistema","title":"2.9 Boot do sistema","url":"2-9-boot-do-sistema.html","level":1,"parentId":"-ct3zst_4","tabIndex":8},"Exercicios-Praticos-Resolvidos2":{"id":"Exercicios-Praticos-Resolvidos2","title":"Exercícios Práticos Resolvidos - 2","url":"exercicios-praticos-resolvidos2.html","level":1,"parentId":"-ct3zst_4","tabIndex":9},"-ct3zst_5":{"id":"-ct3zst_5","title":"3. Process and Scheduler","level":0,"pages":["-ct3zst_39","-ct3zst_40"],"tabIndex":3},"-ct3zst_39":{"id":"-ct3zst_39","title":"3.1 Process","level":1,"parentId":"-ct3zst_5","pages":["a","Exercicios-Praticos-4"],"tabIndex":0},"a":{"id":"a","title":"Threads","url":"a.html","level":2,"parentId":"-ct3zst_39","pages":["Usos","4-2-Beneficios","4-3-Programação-multicore","4-4-Modelos-de-multiplas-threads-multithreading","4-5-Bibliotecas-de-threads","4-6-Threads-em-Java","4-7-Aspectos-do-Uso-de-Threads","4-8-Exemplos-em-Sistemas-Operacionais"],"tabIndex":0},"Usos":{"id":"Usos","title":"4.1. Usos","url":"usos.html","level":3,"parentId":"a","tabIndex":0},"4-2-Beneficios":{"id":"4-2-Beneficios","title":"4.2 Benefícios da Programação Multithread","url":"4-2-beneficios.html","level":3,"parentId":"a","tabIndex":1},"4-3-Programação-multicore":{"id":"4-3-Programação-multicore","title":"4.3 Programação multicore","url":"4-3-programação-multicore.html","level":3,"parentId":"a","tabIndex":2},"4-4-Modelos-de-multiplas-threads-multithreading":{"id":"4-4-Modelos-de-multiplas-threads-multithreading","title":"4.4 Modelos de múltiplas threads (multithreading)","url":"4-4-modelos-de-multiplas-threads-multithreading.html","level":3,"parentId":"a","tabIndex":3},"4-5-Bibliotecas-de-threads":{"id":"4-5-Bibliotecas-de-threads","title":"4.5 Bibliotecas de threads","url":"4-5-bibliotecas-de-threads.html","level":3,"parentId":"a","tabIndex":4},"4-6-Threads-em-Java":{"id":"4-6-Threads-em-Java","title":"4.6 Threads em Java","url":"4-6-threads-em-java.html","level":3,"parentId":"a","tabIndex":5},"4-7-Aspectos-do-Uso-de-Threads":{"id":"4-7-Aspectos-do-Uso-de-Threads","title":"4.7 Aspectos do Uso de Threads","url":"4-7-aspectos-do-uso-de-threads.html","level":3,"parentId":"a","tabIndex":6},"4-8-Exemplos-em-Sistemas-Operacionais":{"id":"4-8-Exemplos-em-Sistemas-Operacionais","title":"4.8 Exemplos em Sistemas Operacionais","url":"4-8-exemplos-em-sistemas-operacionais.html","level":3,"parentId":"a","tabIndex":7},"Exercicios-Praticos-4":{"id":"Exercicios-Praticos-4","title":"Exercícios Pŕaticos - 4","url":"exercicios-praticos-4.html","level":2,"parentId":"-ct3zst_39","tabIndex":1},"-ct3zst_40":{"id":"-ct3zst_40","title":"3.2 Scheduler","level":1,"parentId":"-ct3zst_5","pages":["Domus-5","Exercicios-Praticos"],"tabIndex":1},"Domus-5":{"id":"Domus-5","title":"Escalonamento de CPU","url":"domus-5.html","level":2,"parentId":"-ct3zst_40","pages":["5-1-Conceitos-basicos","5-2-Crterios","5-3-Algortimos-de-Escalonamento","5-4-Escalonamento-de-Thread","5-5-Escalonamento-em-multiprocessadores","5-6-Exemplos-de-Sistema-Operacional","5-7-Avaliacao-do-Algoritmo"],"tabIndex":0},"5-1-Conceitos-basicos":{"id":"5-1-Conceitos-basicos","title":"5.1 Conceitos básicos","url":"5-1-conceitos-basicos.html","level":3,"parentId":"Domus-5","tabIndex":0},"5-2-Crterios":{"id":"5-2-Crterios","title":"5.2 Critérios de Escalonamento","url":"5-2-crterios.html","level":3,"parentId":"Domus-5","tabIndex":1},"5-3-Algortimos-de-Escalonamento":{"id":"5-3-Algortimos-de-Escalonamento","title":"5.3 Algoritmos de Escalonamento","url":"5-3-algortimos-de-escalonamento.html","level":3,"parentId":"Domus-5","tabIndex":2},"5-4-Escalonamento-de-Thread":{"id":"5-4-Escalonamento-de-Thread","title":"5.4 Escalonamento de Threads","url":"5-4-escalonamento-de-thread.html","level":3,"parentId":"Domus-5","tabIndex":3},"5-5-Escalonamento-em-multiprocessadores":{"id":"5-5-Escalonamento-em-multiprocessadores","title":"5.5 Escalonamento em Múltiplos Processadores","url":"5-5-escalonamento-em-multiprocessadores.html","level":3,"parentId":"Domus-5","tabIndex":4},"5-6-Exemplos-de-Sistema-Operacional":{"id":"5-6-Exemplos-de-Sistema-Operacional","title":"5.6 Exemplos de Sistema Operacional","url":"5-6-exemplos-de-sistema-operacional.html","level":3,"parentId":"Domus-5","tabIndex":5},"5-7-Avaliacao-do-Algoritmo":{"id":"5-7-Avaliacao-do-Algoritmo","title":"5.8 Avaliação de Algoritmos de Escalonamento","url":"5-7-avaliacao-do-algoritmo.html","level":3,"parentId":"Domus-5","tabIndex":6},"Exercicios-Praticos":{"id":"Exercicios-Praticos","title":"Exercicios Práticos","url":"exercicios-praticos.html","level":2,"parentId":"-ct3zst_40","tabIndex":1},"-ct3zst_6":{"id":"-ct3zst_6","title":"4. Memory","level":0,"pages":["00-IntroGerenciadeMemoria","01-ConceitosBasicos","Segmentacao","Exemplo-Pentium","Exercicios-Praticos-6"],"tabIndex":4},"00-IntroGerenciadeMemoria":{"id":"00-IntroGerenciadeMemoria","title":"6.1 Introdução - Gerenciamento de Memória","url":"00-introgerenciadememoria.html","level":1,"parentId":"-ct3zst_6","tabIndex":0},"01-ConceitosBasicos":{"id":"01-ConceitosBasicos","title":"6.2 Conceitos Básicos","url":"01-conceitosbasicos.html","level":1,"parentId":"-ct3zst_6","pages":["02-Associacaodeenderecos","Tabelas-de-Pagina-Invertidas"],"tabIndex":1},"02-Associacaodeenderecos":{"id":"02-Associacaodeenderecos","title":"Associação de Endereços","url":"02-associacaodeenderecos.html","level":2,"parentId":"01-ConceitosBasicos","tabIndex":0},"Tabelas-de-Pagina-Invertidas":{"id":"Tabelas-de-Pagina-Invertidas","title":"Tabelas de Página Invertidas","url":"tabelas-de-pagina-invertidas.html","level":2,"parentId":"01-ConceitosBasicos","tabIndex":1},"Segmentacao":{"id":"Segmentacao","title":"6.7 Segmentação","url":"segmentacao.html","level":1,"parentId":"-ct3zst_6","tabIndex":2},"Exemplo-Pentium":{"id":"Exemplo-Pentium","title":"6.8 Visão Geral do Gerenciamento de Memória no Pentium","url":"exemplo-pentium.html","level":1,"parentId":"-ct3zst_6","tabIndex":3},"Exercicios-Praticos-6":{"id":"Exercicios-Praticos-6","title":"Exercícios Práticos 6","url":"exercicios-praticos-6.html","level":1,"parentId":"-ct3zst_6","tabIndex":4},"-ct3zst_7":{"id":"-ct3zst_7","title":"5. Mass Storage Structure","level":0,"pages":["00-Intro","01-Arquivo","7-2-Metodos-de-Acesso","7-3","7-4-Montagem-de-Sistemas-de-Arquivos","7-5","7-6-Protecao","Exe07"],"tabIndex":5},"00-Intro":{"id":"00-Intro","title":"Gerenciamento de Armazenamento","url":"00-intro.html","level":1,"parentId":"-ct3zst_7","tabIndex":0},"01-Arquivo":{"id":"01-Arquivo","title":"7.1 Arquivos: Os Blocos Fundamentais do Sistema Operacional","url":"01-arquivo.html","level":1,"parentId":"-ct3zst_7","pages":["01.1-Atributos","Operacao-de-Arquivos","7-1-3-Tipos-de-Arquivos","7-1-4-Estrutura-de-Arquivos"],"tabIndex":1},"01.1-Atributos":{"id":"01.1-Atributos","title":"7.1.1 Atributos de Arquivos","url":"01-1-atributos.html","level":2,"parentId":"01-Arquivo","tabIndex":0},"Operacao-de-Arquivos":{"id":"Operacao-de-Arquivos","title":"7.1.2 Operação de Arquivos","url":"operacao-de-arquivos.html","level":2,"parentId":"01-Arquivo","tabIndex":1},"7-1-3-Tipos-de-Arquivos":{"id":"7-1-3-Tipos-de-Arquivos","title":"7.1.3 Tipos de Arquivos","url":"7-1-3-tipos-de-arquivos.html","level":2,"parentId":"01-Arquivo","tabIndex":2},"7-1-4-Estrutura-de-Arquivos":{"id":"7-1-4-Estrutura-de-Arquivos","title":"7.1.4 Estrutura de Arquivos","url":"7-1-4-estrutura-de-arquivos.html","level":2,"parentId":"01-Arquivo","pages":["Estrutura-Interna"],"tabIndex":3},"Estrutura-Interna":{"id":"Estrutura-Interna","title":"Estrutura Interna","url":"estrutura-interna.html","level":3,"parentId":"7-1-4-Estrutura-de-Arquivos","tabIndex":0},"7-2-Metodos-de-Acesso":{"id":"7-2-Metodos-de-Acesso","title":"7.2 Métodos de Acesso a Arquivos","url":"7-2-metodos-de-acesso.html","level":1,"parentId":"-ct3zst_7","tabIndex":2},"7-3":{"id":"7-3","title":"7.3 Estrutura de diretório e disco","url":"7-3.html","level":1,"parentId":"-ct3zst_7","tabIndex":3},"7-4-Montagem-de-Sistemas-de-Arquivos":{"id":"7-4-Montagem-de-Sistemas-de-Arquivos","title":"7.4 Montagem de Sistemas de Arquivos","url":"7-4-montagem-de-sistemas-de-arquivos.html","level":1,"parentId":"-ct3zst_7","tabIndex":4},"7-5":{"id":"7-5","title":"7.5 Compartilhamento de Arquivos","url":"7-5.html","level":1,"parentId":"-ct3zst_7","tabIndex":5},"7-6-Protecao":{"id":"7-6-Protecao","title":"7.6 Proteção","url":"7-6-protecao.html","level":1,"parentId":"-ct3zst_7","tabIndex":6},"Exe07":{"id":"Exe07","title":"Exercícios Práticos","url":"exe07.html","level":1,"parentId":"-ct3zst_7","tabIndex":7},"-ct3zst_8":{"id":"-ct3zst_8","title":"6. File System","level":0,"pages":["Intro","8-1-Estrutura-do-Sistema-de-Arquivos","8-2-filesystem-implementation","8-3-implementacao-diretorio","8-4","8-5-gerenciamento-espaco-livre","8-6-eficiencia-desempenho","8-7-recuperacao","8-8-nfs","8-9-wafl","exercicios-sistema-arquivos"],"tabIndex":6},"Intro":{"id":"Intro","title":"Sistemas de Arquivos","url":"intro.html","level":1,"parentId":"-ct3zst_8","tabIndex":0},"8-1-Estrutura-do-Sistema-de-Arquivos":{"id":"8-1-Estrutura-do-Sistema-de-Arquivos","title":"8.1 Estrutura do Sistema de Arquivos","url":"8-1-estrutura-do-sistema-de-arquivos.html","level":1,"parentId":"-ct3zst_8","tabIndex":1},"8-2-filesystem-implementation":{"id":"8-2-filesystem-implementation","title":"8.2 Implementação do Sistema de Arquivos","url":"8-2-filesystem-implementation.html","level":1,"parentId":"-ct3zst_8","pages":["8-2-1-particoes-e-montagem","8-2-1-2-modelos-organizacao-disco","8-2-3-sistemas-arquivos-virtuais"],"tabIndex":2},"8-2-1-particoes-e-montagem":{"id":"8-2-1-particoes-e-montagem","title":"8.2.1 Partições e Montagem","url":"8-2-1-particoes-e-montagem.html","level":2,"parentId":"8-2-filesystem-implementation","pages":["8-2-1-1-layouts-de-disco"],"tabIndex":0},"8-2-1-1-layouts-de-disco":{"id":"8-2-1-1-layouts-de-disco","title":"Layouts de Disco","url":"8-2-1-1-layouts-de-disco.html","level":3,"parentId":"8-2-1-particoes-e-montagem","tabIndex":0},"8-2-1-2-modelos-organizacao-disco":{"id":"8-2-1-2-modelos-organizacao-disco","title":"8.2.2 Modelos de Organização de Disco","url":"8-2-1-2-modelos-organizacao-disco.html","level":2,"parentId":"8-2-filesystem-implementation","pages":["8-2-1-3-niveis-raid"],"tabIndex":1},"8-2-1-3-niveis-raid":{"id":"8-2-1-3-niveis-raid","title":"Níveis de RAID (Redundant Array of Independent Disks)","url":"8-2-1-3-niveis-raid.html","level":3,"parentId":"8-2-1-2-modelos-organizacao-disco","tabIndex":0},"8-2-3-sistemas-arquivos-virtuais":{"id":"8-2-3-sistemas-arquivos-virtuais","title":"8.2.3 Sistemas de Arquivos Virtuais (VFS)","url":"8-2-3-sistemas-arquivos-virtuais.html","level":2,"parentId":"8-2-filesystem-implementation","tabIndex":2},"8-3-implementacao-diretorio":{"id":"8-3-implementacao-diretorio","title":"8.3 Implementação do Diretório: O Grande Catálogo","url":"8-3-implementacao-diretorio.html","level":1,"parentId":"-ct3zst_8","tabIndex":3},"8-4":{"id":"8-4","title":"8.4 Métodos de Alocação","url":"8-4.html","level":1,"parentId":"-ct3zst_8","pages":["8-4-1","8-4-2","8-4-3"],"tabIndex":4},"8-4-1":{"id":"8-4-1","title":"8.4.1 Alocação Contígua","url":"8-4-1.html","level":2,"parentId":"8-4","tabIndex":0},"8-4-2":{"id":"8-4-2","title":"8.4.2 Alocação Interligada","url":"8-4-2.html","level":2,"parentId":"8-4","tabIndex":1},"8-4-3":{"id":"8-4-3","title":"8.4.3 Alocação Indexada","url":"8-4-3.html","level":2,"parentId":"8-4","tabIndex":2},"8-5-gerenciamento-espaco-livre":{"id":"8-5-gerenciamento-espaco-livre","title":"8.5 Gerenciamento do Espaço Livre","url":"8-5-gerenciamento-espaco-livre.html","level":1,"parentId":"-ct3zst_8","pages":["8-5-1-vetor-bits","8-5-2-lista-interligada","8-5-3-agrupamento","8-5-4-contagem","8-5-5-mapas-espaco"],"tabIndex":5},"8-5-1-vetor-bits":{"id":"8-5-1-vetor-bits","title":"8.5.1 Vetor de Bits","url":"8-5-1-vetor-bits.html","level":2,"parentId":"8-5-gerenciamento-espaco-livre","tabIndex":0},"8-5-2-lista-interligada":{"id":"8-5-2-lista-interligada","title":"8.5.2 Lista Interligada","url":"8-5-2-lista-interligada.html","level":2,"parentId":"8-5-gerenciamento-espaco-livre","tabIndex":1},"8-5-3-agrupamento":{"id":"8-5-3-agrupamento","title":"8.5.3 Agrupamento","url":"8-5-3-agrupamento.html","level":2,"parentId":"8-5-gerenciamento-espaco-livre","tabIndex":2},"8-5-4-contagem":{"id":"8-5-4-contagem","title":"8.5.4 Contagem","url":"8-5-4-contagem.html","level":2,"parentId":"8-5-gerenciamento-espaco-livre","tabIndex":3},"8-5-5-mapas-espaco":{"id":"8-5-5-mapas-espaco","title":"8.5.5 Mapas de Espaço","url":"8-5-5-mapas-espaco.html","level":2,"parentId":"8-5-gerenciamento-espaco-livre","tabIndex":4},"8-6-eficiencia-desempenho":{"id":"8-6-eficiencia-desempenho","title":"8.6 Eficiência e Desempenho","url":"8-6-eficiencia-desempenho.html","level":1,"parentId":"-ct3zst_8","tabIndex":6},"8-7-recuperacao":{"id":"8-7-recuperacao","title":"8.7 Recuperação de Sistemas de Arquivos","url":"8-7-recuperacao.html","level":1,"parentId":"-ct3zst_8","tabIndex":7},"8-8-nfs":{"id":"8-8-nfs","title":"8.8 NFS (Network File System)","url":"8-8-nfs.html","level":1,"parentId":"-ct3zst_8","tabIndex":8},"8-9-wafl":{"id":"8-9-wafl","title":"8.9 Sistema de Arquivos WAFL (Write-Anywhere File Layout)","url":"8-9-wafl.html","level":1,"parentId":"-ct3zst_8","tabIndex":9},"exercicios-sistema-arquivos":{"id":"exercicios-sistema-arquivos","title":"Exercícios sobre Sistema de Arquivos","url":"exercicios-sistema-arquivos.html","level":1,"parentId":"-ct3zst_8","tabIndex":10},"-ct3zst_9":{"id":"-ct3zst_9","title":"7. Protection and Security","level":0,"pages":["Introduction","-ct3zst_105","-ct3zst_106"],"tabIndex":7},"Introduction":{"id":"Introduction","title":"Introdução à Proteção e Segurança","url":"introduction.html","level":1,"parentId":"-ct3zst_9","tabIndex":0},"-ct3zst_105":{"id":"-ct3zst_105","title":"7.1 Protection","level":1,"parentId":"-ct3zst_9","pages":["Protection-Concepts","Protection-Domains","Access-Matrix-Implementation","Role-Based-Access","Access-Rights-Revocation","Protection","Access-Matrix-Example","Access-Matrix-Summary","Capability-Based-Systems","Protection-Exercises"],"tabIndex":1},"Protection-Concepts":{"id":"Protection-Concepts","title":"Conceitos de Proteção","url":"protection-concepts.html","level":2,"parentId":"-ct3zst_105","tabIndex":0},"Protection-Domains":{"id":"Protection-Domains","title":"Domínios de Proteção","url":"protection-domains.html","level":2,"parentId":"-ct3zst_105","tabIndex":1},"Access-Matrix-Implementation":{"id":"Access-Matrix-Implementation","title":"Implementação da Matriz de Acesso","url":"access-matrix-implementation.html","level":2,"parentId":"-ct3zst_105","tabIndex":2},"Role-Based-Access":{"id":"Role-Based-Access","title":"Controle de Acesso Baseado em Posição (RBAC)","url":"role-based-access.html","level":2,"parentId":"-ct3zst_105","tabIndex":3},"Access-Rights-Revocation":{"id":"Access-Rights-Revocation","title":"Revogação de Direitos de Acesso","url":"access-rights-revocation.html","level":2,"parentId":"-ct3zst_105","tabIndex":4},"Protection":{"id":"Protection","title":"Proteção em Sistemas Operacionais","url":"protection.html","level":2,"parentId":"-ct3zst_105","tabIndex":5},"Access-Matrix-Example":{"id":"Access-Matrix-Example","title":"Exemplo de Matriz de Acesso","url":"access-matrix-example.html","level":2,"parentId":"-ct3zst_105","tabIndex":6},"Access-Matrix-Summary":{"id":"Access-Matrix-Summary","title":"Matriz de Acesso (Access Matrix)","url":"access-matrix-summary.html","level":2,"parentId":"-ct3zst_105","tabIndex":7},"Capability-Based-Systems":{"id":"Capability-Based-Systems","title":"Sistemas Baseados em Capacidade","url":"capability-based-systems.html","level":2,"parentId":"-ct3zst_105","tabIndex":8},"Protection-Exercises":{"id":"Protection-Exercises","title":"Soluções dos Exercícios de Proteção","url":"protection-exercises.html","level":2,"parentId":"-ct3zst_105","tabIndex":9},"-ct3zst_106":{"id":"-ct3zst_106","title":"7.2 Security","level":1,"parentId":"-ct3zst_9","pages":["Security-Concepts","Security-Problem","Program-Threats","System-Network-Threats","Crypto-Implementation","Criptografia","Authentication-Summary","Security-Implementation","Firewalls","Computer-Security-Classifications","Protection-Exercises-Solutions"],"tabIndex":2},"Security-Concepts":{"id":"Security-Concepts","title":"Conceitos de Segurança","url":"security-concepts.html","level":2,"parentId":"-ct3zst_106","tabIndex":0},"Security-Problem":{"id":"Security-Problem","title":"O Problema da Segurança","url":"security-problem.html","level":2,"parentId":"-ct3zst_106","tabIndex":1},"Program-Threats":{"id":"Program-Threats","title":"Ameaças ao Programa","url":"program-threats.html","level":2,"parentId":"-ct3zst_106","tabIndex":2},"System-Network-Threats":{"id":"System-Network-Threats","title":"Ameaças ao Sistema e à Rede","url":"system-network-threats.html","level":2,"parentId":"-ct3zst_106","tabIndex":3},"Crypto-Implementation":{"id":"Crypto-Implementation","title":"Implementação da Criptografia em Redes","url":"crypto-implementation.html","level":2,"parentId":"-ct3zst_106","tabIndex":4},"Criptografia":{"id":"Criptografia","title":"Criptografia e Codificação","url":"criptografia.html","level":2,"parentId":"-ct3zst_106","tabIndex":5},"Authentication-Summary":{"id":"Authentication-Summary","title":"Métodos de Autenticação no CyberEspaço","url":"authentication-summary.html","level":2,"parentId":"-ct3zst_106","tabIndex":6},"Security-Implementation":{"id":"Security-Implementation","title":"Implementando Defesas de Segurança","url":"security-implementation.html","level":2,"parentId":"-ct3zst_106","tabIndex":7},"Firewalls":{"id":"Firewalls","title":"Firewalls: Protegendo Sistemas e Redes","url":"firewalls.html","level":2,"parentId":"-ct3zst_106","tabIndex":8},"Computer-Security-Classifications":{"id":"Computer-Security-Classifications","title":"Classificações de Segurança de Computador","url":"computer-security-classifications.html","level":2,"parentId":"-ct3zst_106","tabIndex":9},"Protection-Exercises-Solutions":{"id":"Protection-Exercises-Solutions","title":"Soluções dos Exercícios - Proteção e Segurança","url":"protection-exercises-solutions.html","level":2,"parentId":"-ct3zst_106","tabIndex":10},"Bibliografia":{"id":"Bibliografia","title":"Bibliografia","url":"bibliografia.html","level":0,"tabIndex":8}}},"topLevelIds":["SistemasOperacionais","-ct3zst_3","-ct3zst_4","-ct3zst_5","-ct3zst_6","-ct3zst_7","-ct3zst_8","-ct3zst_9","Bibliografia"]}